{
  "train_runtime": 15824.6681,
  "train_samples_per_second": 0.543,
  "train_steps_per_second": 0.136,
  "total_flos": 1.4850432765851328e+17,
  "train_loss": 0.5593280279159102,
  "epoch": 2.0
}